{
  "main": {
    "id": "5324373015726ba8",
    "type": "split",
    "children": [
      {
        "id": "6b16fb80eb42ed85",
        "type": "tabs",
        "children": [
          {
            "id": "3c70d91b74b305cd",
            "type": "leaf",
            "state": {
              "type": "markdown",
              "state": {
                "file": "Recursos/Home.md",
                "mode": "preview",
                "source": false,
                "backlinks": false
              },
              "icon": "lucide-file",
              "title": "Home"
            }
          }
        ]
      }
    ],
    "direction": "vertical"
  },
  "left": {
    "id": "9cdb55560ade40f8",
    "type": "split",
    "children": [
      {
        "id": "df1ee258fcd67654",
        "type": "tabs",
        "children": [
          {
            "id": "5667c977ae5d3c27",
            "type": "leaf",
            "state": {
              "type": "file-explorer",
              "state": {
                "sortOrder": "alphabetical",
                "autoReveal": false
              },
              "icon": "lucide-folder-closed",
              "title": "Explorador de archivos"
            }
          },
          {
            "id": "412ab72de0e190ba",
            "type": "leaf",
            "state": {
              "type": "search",
              "state": {
                "query": "",
                "matchingCase": false,
                "explainSearch": false,
                "collapseAll": false,
                "extraContext": false,
                "sortOrder": "alphabetical"
              },
              "icon": "lucide-search",
              "title": "Buscar"
            }
          },
          {
            "id": "e9110e24fbb85d55",
            "type": "leaf",
            "state": {
              "type": "bookmarks",
              "state": {},
              "icon": "lucide-bookmark",
              "title": "Marcadores"
            }
          }
        ]
      },
      {
        "id": "d14c1ece59fec8f5",
        "type": "tabs",
        "children": [
          {
            "id": "853395e51a1e5172",
            "type": "leaf",
            "state": {
              "type": "calendar",
              "state": {},
              "icon": "calendar-with-checkmark",
              "title": "Calendar"
            }
          }
        ]
      }
    ],
    "direction": "horizontal",
    "width": 263.5
  },
  "right": {
    "id": "44f3cdaf8d5fd277",
    "type": "split",
    "children": [
      {
        "id": "1d0df6be2cf7bb2f",
        "type": "tabs",
        "children": [
          {
            "id": "49c771b89693a213",
            "type": "leaf",
            "state": {
              "type": "outline",
              "state": {
                "file": "Recursos/Home.md",
                "followCursor": false,
                "showSearch": false,
                "searchQuery": ""
              },
              "icon": "lucide-list",
              "title": "Esquema de Home"
            }
          },
          {
            "id": "b25ddd6a450b45a7",
            "type": "leaf",
            "state": {
              "type": "all-properties",
              "state": {
                "sortOrder": "frequency",
                "showSearch": false,
                "searchQuery": ""
              },
              "icon": "lucide-archive",
              "title": "Todas las propiedades"
            }
          },
          {
            "id": "a876abedb1aff962",
            "type": "leaf",
            "state": {
              "type": "git-view",
              "state": {},
              "icon": "git-pull-request",
              "title": "Source Control"
            }
          }
        ],
        "currentTab": 2
      },
      {
        "id": "3b31adff18e9faa9",
        "type": "tabs",
        "children": [
          {
            "id": "907714bf030f6db9",
            "type": "leaf",
            "state": {
              "type": "graph",
              "state": {},
              "icon": "lucide-git-fork",
              "title": "Vista gráfica"
            }
          }
        ]
      }
    ],
    "direction": "horizontal",
    "width": 917.5
  },
  "left-ribbon": {
    "hiddenItems": {
      "switcher:Abrir selector rápido": false,
      "graph:Abrir vista gráfica": false,
      "templates:Insertar plantilla": false,
      "command-palette:Abrir paleta de comandos": false,
      "audio-recorder:Iniciar/Detener la grabación": false,
      "daily-notes:Abrir la nota de hoy": false,
      "homepage:Open homepage": false,
      "obsidian-git:Open Git source control": false
    }
  },
  "active": "b25ddd6a450b45a7",
  "lastOpenFiles": [
    "Recursos/Home.md",
    "Notas Diarias/19-12-2025.md",
    "Notas Diarias/04-12-2025.md",
    "Notas Diarias",
    "Recursos/Banners.md",
    "Recursos/ADJUNTOS/872037.png",
    "Recursos/ADJUNTOS",
    "Recursos/872037.png",
    "Recursos",
    "desktop.ini",
    "Bienvenido.md"
  ]
}